<!DOCTYPE hibernate-configuration PUBLIC	
	"-//Hibernate/Hibernate Configuration DTD 3.0//EN"	
	"http://www.hibernate.org/dtd/hibernate-configuration-3.0.dtd">
<hibernate-configuration>
<session-factory >

<property name="hibernate.connection.driver_class">com.mysql.jdbc.Driver</property>
<property name="hibernate.connection.url">jdbc:mysql://localhost:3306/graphgrabtest</property>
<property name="connectio.useUnicode">true</property>
<property name="connection.characterEncoding">utf-8</property> 
<property name="hibernate.connection.username">root</property>
<property name="hibernate.connection.password">601939</property>

<property name="hibernate.show_sql">true</property>
<property name="hibernate.dialect">org.hibernate.dialect.MySQLDialect</property>

<property name="hibernate.hbm2ddl.auto">update</property>
<mapping resource="entity/assistantEntity/SearchRecord.hbm.xml"/>
<mapping resource="entity/assistantEntity/User.hbm.xml"/>
<mapping resource="entity/assistantEntity/Comment.hbm.xml"/>

</session-factory>
</hibernate-configuration>