<?xml version="1.0" encoding="UTF-8" ?>
<!DOCTYPE struts PUBLIC
	"-//Apache Software Foundation//DTD Struts Configuration 2.3//EN"
	"http://struts.apache.org/dtds/struts-2.3.dtd">
<struts>
    <constant name="struts.enable.DynamicMethodInvocation" value="true" />
    <constant name="struts.devModel" value="true"/>
    <constant name="struts.i18n.encoding" value="UTF-8" />
    <!--解决乱码    -->
    <!-- 指定允许上传的文件最大字节数。默认值是2097152(2M) -->
    <constant name="struts.multipart.maxSize" value="10701096"/>
    <!-- 设置上传文件的临时文件夹,默认使用javax.servlet.context.tempdir -->
    <package name="action" namespace = "/" extends="struts-default">
        <action name="loginAction" class="action.userOperation.Login" method="execute">
            <result name="success">/main.jsp</result>
            <result name="admin">/admin.jsp</result>
            <result name="error">/error.jsp</result>
            <result name="back">/index.jsp</result>
        </action>
         <action name="registerAction" class="action.userOperation.Regist" method="execute">
            <result name="success">/index.jsp</result>
            <result name="error">/error.jsp</result>
            <result name="exist">/index.jsp</result>
        </action>
        <action name="searchAction" class="action.tableOperation.Save" method="execute">
            <result name="success">/success.jsp</result>
            <result name="exist">/success.jsp</result>
            <result name="back">/main.jsp</result>
            <result name="error">/main.jsp</result>
        </action>
        
         <action name="excelAction" class="action.assistantOperation.ExportExcel" method="execute">
            <result name="success">/success.jsp</result>
            <result name="error">/error.jsp</result>
        </action>
        <action name="deletecolAction" class="action.tableOperation.DeleteCol" method="execute">
            <result name="success">/operations.jsp</result>
            <result name="error">/error.jsp</result>
        </action>
        <action name="deleterowAction" class="action.tableOperation.DeleteRow" method="execute">
            <result name="success">/operations.jsp</result>
            <result name="error">/error.jsp</result>
        </action>
         <action name="updatecolAction" class="action.tableOperation.UpdateCol" method="execute">
            <result name="success">/operations.jsp</result>
            <result name="error">/error.jsp</result>
        </action>
        <action name="updaterowAction" class="action.tableOperation.UpdateRow" method="execute">
            <result name="success">/operations.jsp</result>
            <result name="error">/error.jsp</result>
        </action>
        <action name="deleteUser" class="action.assistantOperation.DeleteUser" method="execute">
            <result name="success">/table-images-list.jsp</result>
            <result name="error">/error.jsp</result>
        </action>
          <action name="deleteTable" class="action.assistantOperation.DeleteTable" method="execute">
            <result name="success">/chart.jsp</result>
            <result name="error">/error.jsp</result>
        </action>
         <action name="upadmin" class="action.assistantOperation.UpAdmin" method="execute">
            <result name="success">/table-font-list.jsp</result>
            <result name="error">/error.jsp</result>
        </action>
       <action name="lovecolAction" class="action.tableOperation.LoveCol" method="execute">
            <result name="success">/operations.jsp</result>
            <result name="error">/error.jsp</result>
        </action>
        <action name="loverowAction" class="action.tableOperation.LoveRow" method="execute">
            <result name="success">/operations.jsp</result>
            <result name="error">/error.jsp</result>
        </action>
        
         <action name="commentAction" class="action.assistantOperation.GiveComment" method="execute">
            <result name="success">/main.jsp</result>
            <result name="error">/error.jsp</result>
        </action>
        <action name="addAction" class="action.tableOperation.AddRow" method="execute">
            <result name="success">/operations.jsp</result>
            <result name="error">/error.jsp</result>
        </action>
         <action name="recoverAction" class="action.tableOperation.Recover" method="execute">
            <result name="success">/message.jsp</result>
            <result name="error">/error.jsp</result>
        </action>
         <action name="deleteRecord" class="action.tableOperation.DeleteAllRecord" method="execute">
            <result name="success">/message.jsp</result>
            <result name="error">/error.jsp</result>
        </action>
          <action name="commentbackAction" class="action.assistantOperation.CommentBack" method="execute">
            <result name="success">/form-news.jsp</result>
            <result name="error">/error.jsp</result>
        </action>
           <action name="addUser" class="action.assistantOperation.AddUser" method="execute">
            <result name="success">/table-images-list.jsp</result>
             <result name="exist">/form-amazeui.jsp</result>
            <result name="error">/error.jsp</result>
        </action>
         <action name="mailAction" class="action.assistantOperation.MailAction" method="execute">
            <result name="success">/index.jsp</result>
            <result name="error">/error.jsp</result>
        </action>
         <action name="fileuploadAction" class="action.tableOperation.Save" method="execute">
            <result name="success">/success.jsp</result>
            <result name="error">/main.jsp</result>
        </action>
        <action name="pushupAction" class="action.tableOperation.PushUpAction" method="execute">
            <result name="success">/operations.jsp</result>
            <result name="error">/error.jsp</result>
        </action>
    </package> 
</struts>